product,price,review,keep,image,page
로지텍 멀티 디바이스 블루투스 키보드 K380,최저: 30020,37162,4198,https://shopping-phinf.pstatic.net/main_8974763/8974763652.20190401110527.jpg,1
COX CK450 교체축 사이드 RGB 기계식 게이밍,최저: 32600,5432,774,https://shopping-phinf.pstatic.net/main_1824373/18243733436.20190322134021.jpg,1
COX CK87 게이트론 LED 게이밍 기계식,최저: 62480,8253,350,https://shopping-phinf.pstatic.net/main_1941158/19411580916.20190522163521.jpg,1
COX CK420 교체축 레인보우 LED 게이밍 기계식 키보드,최저: 32600,13172,1722,https://shopping-phinf.pstatic.net/main_1476185/14761858336.20180711162906.jpg,1
퓨전에프앤씨 아이노트 X-KEY 96RB,최저: 27500,296,277,https://shopping-phinf.pstatic.net/main_2600538/26005380522.20210305165719.jpg,1
로지텍 K580,최저: 38900,4721,1260,https://shopping-phinf.pstatic.net/main_2057140/20571403330.20190809103341.jpg,1
CHERRY MX BOARD 3.0S RGB,최저: 129000,1262,453,https://shopping-phinf.pstatic.net/main_2286685/22866854426.20201208143538.jpg,1
콕스 CK 87키 게이트론 텐키리스 키보드 한영 이중사출 키보드 저소음 갈축 황축 청축 녹축,최저: 62500,891,618,https://shopping-phinf.pstatic.net/main_8270621/82706212622.4.jpg,1
웨이코스 씽크웨이 토체티 텐키리스 D&T 콜라보 체리 키보드,최저: 134000,2717,946,https://shopping-phinf.pstatic.net/main_2091432/20914327278.20210303111810.jpg,1
퓨전에프앤씨 아이노트 K708RB,최저: 38990,974,550,https://shopping-phinf.pstatic.net/main_2289716/22897164426.20201111160524.jpg,1
오아 무선 접이식 블루투스 키보드,최저: 32900,8213,963,https://shopping-phinf.pstatic.net/main_1135888/11358889158.20210406120452.jpg,1
퓨전에프앤씨 아이노트 X-KEY 38BT,최저: 19900,5249,1052,https://shopping-phinf.pstatic.net/main_1724700/17247003034.20210224135330.jpg,1
CHERRY MX BOARD 3.0S 게이밍 기계식 키보드,최저: 89000,3164,395,https://shopping-phinf.pstatic.net/main_2045576/20455763954.20200421213746.jpg,1
COX 엔데버 텐키리스 RGB PBT 완전방수 무접점 키보드,최저: 132500,2879,220,https://shopping-phinf.pstatic.net/main_1727812/17278124782.20190130110141.jpg,1
마이크로닉스 MANIC X30 마닉축 기계식 키보드,최저: 39800,747,111,https://shopping-phinf.pstatic.net/main_2061262/20612627710.20191022173313.jpg,1
앱코 K640 한영 축교환 레인보우LED 게이밍 방진축,최저: 29900,26064,1021,https://shopping-phinf.pstatic.net/main_1129115/11291155550.20190521110028.jpg,1
웨이코스 씽크웨이 토체프 D&T 콜라보 체리 키보드,최저: 144000,2161,855,https://shopping-phinf.pstatic.net/main_2091432/20914321170.20200408094831.jpg,1
한성컴퓨터 GK787S OfficeMaster 체리 저소음적축 기계식키보드,최저: 79900,1164,265,https://shopping-phinf.pstatic.net/main_2336494/23364942490.20200706104104.jpg,1
앱코 K660 축교환 완전방수 게이밍 카일광축 레인보우LED,최저: 47900,23133,1113,https://shopping-phinf.pstatic.net/main_1214685/12146852973.20180105095829.jpg,1
로지텍 저소음 사무용 유선 키보드 회사 사무실 업무용 키감좋은 무소음 소리안나는 조용한,최저: 11900,873,271,https://shopping-phinf.pstatic.net/main_8242509/82425097802.jpg,1
CHERRY G80-3000S TKL,최저: 79000,477,110,https://shopping-phinf.pstatic.net/main_2427870/24278707522.20210401145708.jpg,2
더코너스톤 만렙 BK101 멀티페어링 블루투스 키보드,최저: 23600,4356,92,https://shopping-phinf.pstatic.net/main_2622002/26220021525.20210303112400.jpg,2
로지텍 MX KEYS,최저: 115700,5010,768,https://shopping-phinf.pstatic.net/main_2089989/20899895174.20190918142705.jpg,2
스누피 라인프렌즈 무선 키보드 아이패드 블루투스 BTS 방탄 피너츠 피글렛 디즈니 레트로,최저: 27900,770,1264,https://shopping-phinf.pstatic.net/main_8233595/82335953161.6.jpg,2
한성컴퓨터 GTune GK600 게이밍 기계식,최저: 39900,1266,318,https://shopping-phinf.pstatic.net/main_1972038/19720387572.20200605095725.jpg,2
아이리버 IR-K2000,최저: 12890,8833,308,https://shopping-phinf.pstatic.net/main_1097696/10976963331.20170605151939.jpg,2
만렙 BK301 무선 멀티페어링 블루투스 키보드 애플 맥북 아이맥 아이패드 사무실 저소음,최저: 32000,451,704,https://shopping-phinf.pstatic.net/main_8287649/82876495075.1.jpg,2
한성컴퓨터 BK300 멀티페어링 블루투스 키보드,최저: 24800,4215,1151,https://shopping-phinf.pstatic.net/main_2324215/23242159490.20201125115034.jpg,2
엔에이치엔위투 라이프썸 LFS-HA39,최저: 45900,590,179,https://shopping-phinf.pstatic.net/main_2623802/26238023524.20210304174445.jpg,2
마이크로닉스 EX89 텐키리스PRO 게이밍기계식 RGB,최저: 47820,134,117,https://shopping-phinf.pstatic.net/main_2514410/25144102522.20201208173514.jpg,2
COX CK250 교체축 LED 기계식 게이밍 텐키리스,최저: 40600,2551,458,https://shopping-phinf.pstatic.net/main_1519266/15192663504.20200512135832.jpg,2
브리츠 BA-BK9 Plus,최저: 44240,137,4,https://shopping-phinf.pstatic.net/main_2669870/26698704522.20210409110910.jpg,2
COX CK01,최저: 30900,555,214,https://shopping-phinf.pstatic.net/main_2278290/22782906567.20200507231953.jpg,2
COX CK01 PBT,최저: 39900,840,375,https://shopping-phinf.pstatic.net/main_2332149/23321490490.20200701181358.jpg,2
커세어 K70 RGB MK.2 게이밍 기계식 키보드,최저: 197000,2045,202,https://shopping-phinf.pstatic.net/main_1885937/18859377233.20200310173217.jpg,2
퓨전에프앤씨 아이노트 X-Folding Slim Touch,최저: 44000,348,218,https://shopping-phinf.pstatic.net/main_2298242/22982424490.20200528091626.jpg,2
커세어 K70 RGB TKL 텐키리스 게이밍 기계식 키보드,최저: 177160,11,18,https://shopping-phinf.pstatic.net/main_2678593/26785933523.20210416110923.jpg,2
한성컴퓨터 GTune MBF77 Vision,최저: 15900,9721,299,https://shopping-phinf.pstatic.net/main_1122840/11228408613.20200604145544.jpg,2
로지텍코리아 블루투스 3.0 미니 무선 키보드 아이패드 태블릿 휴대용키보드,최저: 45900,1213,1529,https://shopping-phinf.pstatic.net/main_8221733/82217338465.1.jpg,2
로지텍 KEYS-TO-GO,최저: 69000,269,244,https://shopping-phinf.pstatic.net/main_2576225/25762252523.20210203101703.jpg,2
로지텍 K480,최저: 26020,6395,752,https://shopping-phinf.pstatic.net/main_7996481/7996481579.20141006112401.jpg,3
COSY 베이직 실버 블루투스 키보드(KB1352BT),최저: 11190,7709,1542,https://shopping-phinf.pstatic.net/main_8635952/8635952494.20150716143948.jpg,3
맥스틸 TRON G610K V2,최저: 39860,1591,72,https://shopping-phinf.pstatic.net/main_1490512/14905121847.20180727112553.jpg,3
앱코 K515 축교환 측면 RGB 라이팅 이중사출 게이밍 기계식 키보드,최저: 29900,4548,822,https://shopping-phinf.pstatic.net/main_2074421/20744210637.20201009144924.jpg,3
한성컴퓨터 GK888B minicoup,최저: 129000,991,223,https://shopping-phinf.pstatic.net/main_1783293/17832930678.20210107144615.jpg,3
[키크론] K1 K2 K3 K4 K6 K8 블루투스 무선 기계식 키보드 / 애플 키보드,최저: 124000,654,470,https://shopping-phinf.pstatic.net/main_8216465/82164658256.6.jpg,3
마이크로닉스 MANIC X40 4세대 광축 완전방수 게이밍,최저: 48800,1198,123,https://shopping-phinf.pstatic.net/main_1520987/15209874961.20200629143450.jpg,3
아이리버 BUBBLE IR-K10,최저: 14890,5000,433,https://shopping-phinf.pstatic.net/main_1271640/12716409565.20171202123751.jpg,3
한성컴퓨터 Gtune MKF30S Rainbow,최저: 35860,2320,215,https://shopping-phinf.pstatic.net/main_1182593/11825933324.20200604150503.jpg,3
로지텍G G413 기계식 게이밍 키보드,최저: 51990,2500,324,https://shopping-phinf.pstatic.net/main_1154397/11543977111.20170519103907.jpg,3
로지텍G G613 LIGHTSPEED,최저: 79890,1792,248,https://shopping-phinf.pstatic.net/main_1243456/12434565848.20171012081236.jpg,3
한성컴퓨터 BK500 듀얼 무선 멀티페어링 키보드,최저: 29900,579,315,https://shopping-phinf.pstatic.net/main_2552390/25523900522.20210115091117.jpg,3
앱코 K640 플러스 축교환 측면 LED 게이밍 키보드,최저: 34900,1450,290,https://shopping-phinf.pstatic.net/main_2243328/22433286951.20200914153032.jpg,3
앱코 K511 카일 광축 완전방수 축교환 어반그레이 V2,최저: 41500,2101,579,https://shopping-phinf.pstatic.net/main_1565834/15658340028.20200310174039.jpg,3
HP GK400F LED 게이밍 기계식 키보드,최저: 25900,2643,577,https://shopping-phinf.pstatic.net/main_2158566/21585664463.20191225114207.jpg,3
퓨전에프앤씨 아이노트 X-FOLDING Elite Pro,최저: 27010,960,233,https://shopping-phinf.pstatic.net/main_1421717/14217175579.20180824174947.jpg,3
로지텍 K780,최저: 51980,3563,446,https://shopping-phinf.pstatic.net/main_1006654/10066547588.20160715103801.jpg,3
로지텍 ERGO K860,최저: 138990,819,115,https://shopping-phinf.pstatic.net/main_2621849/26218492530.20210305154344.jpg,3
로지텍 K270 Wireless Keyboard,최저: 17650,7147,530,https://shopping-phinf.pstatic.net/main_5771083/5771083042.20120211203217.jpg,3
QSENN SEM-DT35 NEW,최저: 11200,7498,199,https://shopping-phinf.pstatic.net/main_8646407/8646407490.20150803153052.jpg,3
COX 엠프리스 RGB PBT 완전방수 무접점 키보드,최저: 163800,2506,152,https://shopping-phinf.pstatic.net/main_1727840/17278403481.20190130110759.jpg,4
COX CK108 블랙/다크그레이 게이트론 LED 게이밍 기계식 키보드,최저: 79000,823,167,https://shopping-phinf.pstatic.net/main_1959896/19598967926.20190603113735.jpg,4
로지텍G PRO X 기계식 게이밍키보드,최저: 129370,1420,229,https://shopping-phinf.pstatic.net/main_2104981/21049815890.20191009214439.jpg,4
앱코 K590 축교환 단일 LED,최저: 29900,14942,734,https://shopping-phinf.pstatic.net/main_1479778/14797788871.20180716105052.jpg,4
레오폴드 FC750R PD 한글 저소음 적축,최저: 136040,561,479,https://shopping-phinf.pstatic.net/main_1504428/15044284029.20200817180611.jpg,4
필립스 G614 LED 게이밍 기계식 키보드,최저: 29900,7972,708,https://shopping-phinf.pstatic.net/main_1986785/19867855454.20200101133657.jpg,4
COX CK87 BT,최저: 98600,203,29,https://shopping-phinf.pstatic.net/main_2552465/25524656522.20210107171624.jpg,4
BOW 무선 블루투스 넘버 보조 텐키패드 아이패드 노트북 숫자키패드,최저: 10100,172,442,https://shopping-phinf.pstatic.net/main_8255135/82551358733.jpg,4
마이크로소프트 디자이너 컴팩트 키보드,최저: 89900,341,55,https://shopping-phinf.pstatic.net/main_2570587/25705878522.20210122175144.jpg,4
mStone Groove T87A 풀윤활 게이밍 기계식 키보드 크림축 오레오 축 클라리온,최저: 139000,328,377,https://shopping-phinf.pstatic.net/main_8262507/82625077317.19.jpg,4
로지텍 K120 NEW Keyboard (정품),최저: 8580,8244,374,https://shopping-phinf.pstatic.net/main_6215720/6215720682.20120305141047.jpg,4
앱코 K1000 축교환 게이밍 기계식,최저: 26900,972,66,https://shopping-phinf.pstatic.net/main_1184594/11845945854.20170710093319.jpg,4
제닉스 STORMX TITAN SE 게이밍 키보드,최저: 24800,12429,470,https://shopping-phinf.pstatic.net/main_9303887/9303887003.20160809112033.jpg,4
더코너스톤 만렙 BK201,최저: 22000,609,49,https://shopping-phinf.pstatic.net/main_2622021/26220216522.20210303113111.jpg,4
퓨전에프앤씨 아이노트 X-Folding Touch pro,최저: 32800,928,141,https://shopping-phinf.pstatic.net/main_1120537/11205371018.20171127182457.jpg,4
CHERRY G80-3000S RGB TKL,최저: 99000,150,65,https://shopping-phinf.pstatic.net/main_2509708/25097086523.20210223113447.jpg,4
CHERRY 체리키보드 MX BOARD 2.0S 게이밍 기계식 키보드,최저: 79000,60,18,https://shopping-phinf.pstatic.net/main_2541380/25413805522.20201229161437.jpg,4
필립스 G614 LED투톤 기계식키보드,최저: 31900,342,155,https://shopping-phinf.pstatic.net/main_2343716/23437164491.20200713143504.jpg,4
Anne Pro2 앤프로2 블루투스 5.0 기계식 키보드 게이트론 카일축 휴대용 포커배열,최저: 56000,451,746,https://shopping-phinf.pstatic.net/main_8238144/82381442401.jpg,4
한성컴퓨터 GK893B SPORTS 한글,최저: 135000,1083,143,https://shopping-phinf.pstatic.net/main_2076858/20768586850.20210122125119.jpg,4
퓨전에프앤씨 아이노트 X-FOLDING Laser,최저: 35800,3485,654,https://shopping-phinf.pstatic.net/main_1031029/10310293221.20160908104603.jpg,5
마이크로닉스 MANIC X50 4세대 광축 완전방수 PBT 게이밍 키보드,최저: 63800,628,95,https://shopping-phinf.pstatic.net/main_2127856/21278561324.20200306144241.jpg,5
QSENN GP-K7000,최저: 11250,1597,55,https://shopping-phinf.pstatic.net/main_4094314/4094314114.20190513114041.jpg,5
RAZER Blackwidow KR 키보드,최저: 106400,909,265,https://shopping-phinf.pstatic.net/main_1949080/19490803970.20190910111225.jpg,5
엑토 레트로 미니 블루투스 키보드(BTK-01),최저: 19380,1151,1211,https://shopping-phinf.pstatic.net/main_1313519/13135193233.20200226140212.jpg,5
스카이디지탈 NKEYBOARD NKEY-R3 RGB,최저: 89000,1200,55,https://shopping-phinf.pstatic.net/main_1885981/18859812693.20190925103909.jpg,5
앱코 K611 텐키리스 카일광축 완전방수 축교환 게이밍 키보드,최저: 39900,857,423,https://shopping-phinf.pstatic.net/main_2183882/21838827773.20200129100927.jpg,5
앱코 해커 카일 광축 축교환 완전방수 레인보우 기계식 게이밍키보드 적축 청축 K660,최저: 47900,228,211,https://shopping-phinf.pstatic.net/main_8257997/82579973918.jpg,5
세컨드찬스 긱스타 GK801-2 프리미엄 카일 광축 크리스탈 키캡 완전방수,최저: 65910,810,173,https://shopping-phinf.pstatic.net/main_1583515/15835158347.20200612101243.jpg,5
로지텍 K240 NANO 카카오프렌즈 에디션,최저: 21900,592,223,https://shopping-phinf.pstatic.net/main_1507643/15076430993.20180817101434.jpg,5
한성컴퓨터 HBK50 터치패드 블루투스 키보드,최저: 34900,700,226,https://shopping-phinf.pstatic.net/main_1369871/13698715667.20200605095219.jpg,5
엔보우 접이식 블루투스 키보드 N패드,최저: 22900,3870,673,https://shopping-phinf.pstatic.net/main_1448851/14488514789.20191231181211.jpg,5
게이밍 저소음 무소음 기계식 키보드 적축 필립스,최저: 33900,754,422,https://shopping-phinf.pstatic.net/main_8223268/82232688292.1.jpg,5
키크론 K1 V4 텐키리스 LED 기계식키보드,최저: 129000,148,20,https://shopping-phinf.pstatic.net/main_2650929/26509291522.20210325094805.jpg,5
앱코 K840 조약돌 레트로 키캡 축교환 레인보우LED 게이밍 기계식,최저: 36600,5373,513,https://shopping-phinf.pstatic.net/main_1145842/11458422230.20170505134036.jpg,5
스카이디지탈 NKEYBOARD 매크로,최저: 33000,2734,42,https://shopping-phinf.pstatic.net/main_6891211/6891211559.20130513105606.jpg,5
몬스타기어 닌자87K5 RGB 카일박스축 퀵스왑 기계식 키보드,최저: 62000,1762,84,https://shopping-phinf.pstatic.net/main_1702557/17025576115.20201218105121.jpg,5
레트로 타자기 멤브레인 무선 블루투스 저소음 키보드,최저: 19900,2083,1204,https://shopping-phinf.pstatic.net/main_8124513/81245139384.3.jpg,5
마이크로닉스 MANIC X280,최저: 26800,360,15,https://shopping-phinf.pstatic.net/main_2380919/23809194522.20200818095250.jpg,5
비프렌드 RF800K 무선 키보드,최저: 32500,2902,451,https://shopping-phinf.pstatic.net/main_2033630/20336305441.20210113092658.jpg,5
브리츠 BA-BK10 Plus,최저: 59100,11,2,https://shopping-phinf.pstatic.net/main_2674213/26742135522.20210413104258.jpg,6
비프렌드 BT1286S 블루투스 접이식키보드,최저: 23900,2232,403,https://shopping-phinf.pstatic.net/main_1016670/10166709876.20190625143940.jpg,6
스카이디지탈 NKEYBOARD NKEY-2,최저: 33000,67,5,https://shopping-phinf.pstatic.net/main_2660066/26600664522.20210401121151.jpg,6
앱코 K945P V2 45g 무접점 리얼 RGB PBT 이중사출 생활방수 텐키리스,최저: 99900,849,121,https://shopping-phinf.pstatic.net/main_1103854/11038547063.20170222141034.jpg,6
로지텍 Wireless Touch Keyboard K400 Plus,최저: 26990,1240,330,https://shopping-phinf.pstatic.net/main_9940025/9940025989.20160622134321.jpg,6
퓨전에프앤씨 아이노트 X-FOLDING Triple Pro,최저: 29800,537,156,https://shopping-phinf.pstatic.net/main_8511538/8511538129.20190507150218.jpg,6
한성컴퓨터 GK993B SKY 블루투스 기계식키보드 한글,최저: 129000,471,262,https://shopping-phinf.pstatic.net/main_2254373/22543736568.20201208122829.jpg,6
레오폴드 FC900R PD 그라파이트 화이트 한글,최저: 3000000,844,216,https://shopping-phinf.pstatic.net/main_1582315/15823150719.20191231160927.jpg,6
로지텍 멀티 디바이스 블루투스 키보드 K375S,최저: 28840,7399,664,https://shopping-phinf.pstatic.net/main_1071478/10714780944.20161201110333.jpg,6
키크론 K8 블루투스 무선 기계식 키보드,최저: 124000,579,171,https://shopping-phinf.pstatic.net/main_2444236/24442364522.20201110124453.jpg,6
세컨드찬스 긱스타 게이밍 기계식 RGB 저소음 키보드 GK110,최저: 39900,187,144,https://shopping-phinf.pstatic.net/main_2518308/25183083522.20201211104144.jpg,6
콕스 엔데버 완전방수 PBT 무접점 게이밍키보드 35g 50g 블랙 화이트 네이비,최저: 132500,204,189,https://shopping-phinf.pstatic.net/main_8269706/82697060428.5.jpg,6
QSENN SEM-DT35 LED Stella,최저: 17480,2597,115,https://shopping-phinf.pstatic.net/main_1219313/12193131535.20170904195628.jpg,6
바밀로 키보드 적축 저소음적축 관부가세포함 기계식 고래 블루 무선 체리 108키 87키,최저: 143900,323,440,https://shopping-phinf.pstatic.net/main_8191934/81919343298.jpg,6
커세어 K68 적축,최저: 119000,2048,122,https://shopping-phinf.pstatic.net/main_1177688/11776886767.20170628164242.jpg,6
QSENN ARES Q34 LED 게이밍 기계식 한손 키보드,최저: 22900,693,130,https://shopping-phinf.pstatic.net/main_1573114/15731149924.20181018143102.jpg,6
다얼유 EK820 블루투스 겸용 슬림 LED 기계식 키보드 블랙,최저: 79000,1083,246,https://shopping-phinf.pstatic.net/main_1202978/12029783033.20210121182649.jpg,6
앱코 K660 ARC 프리미엄 카일광축 완전방수 레인보우 LED 게이밍 키보드,최저: 67300,2970,271,https://shopping-phinf.pstatic.net/main_1693103/16931035263.20190131095759.jpg,6
마이크로소프트 무선 넘버패드 블루투스,최저: 39500,148,13,https://shopping-phinf.pstatic.net/main_2573661/25736615522.20210125170656.jpg,6
코시 블루투스 키보드 키스킨 포함 태블릿 아이패드 자동페어링 저소음 아이폰 갤럭시 휴대폰 스마트폰 KB4001BT,최저: 15100,456,294,https://shopping-phinf.pstatic.net/main_8270640/82706407832.jpg,6
앱코 K640T 축교환 텐키리스 한영 이중사출 키캡 레인보우LED,최저: 40600,3162,368,https://shopping-phinf.pstatic.net/main_1192709/11927095408.20170725164538.jpg,7
듀가드 퓨전 블루투스 유무선 기계식 키보드,최저: 186000,38,153,https://shopping-phinf.pstatic.net/main_2632591/26325911522.20210312003608.jpg,7
COX CK87 레드/그레이 게이트론 LED 게이밍 기계식,최저: 62500,1047,23,https://shopping-phinf.pstatic.net/main_2623425/26234257523.20210304112105.jpg,7
퓨전에프앤씨 아이노트 X-KEY 28BT,최저: 10400,6231,377,https://shopping-phinf.pstatic.net/main_7078146/7078146310.20200311124436.jpg,7
COX CK01 Navy RGB,최저: 34900,54,27,https://shopping-phinf.pstatic.net/main_2575722/25757225522.20210127115405.jpg,7
앱코 K995P V3 45g 무접점 RGB PBT 완전방수 프리미엄,최저: 163800,2559,370,https://shopping-phinf.pstatic.net/main_1516958/15169588236.20180828165013.jpg,7
삼성전자 삼성 SPA-KKG1CU 기계식 키보드,최저: 59780,1628,260,https://shopping-phinf.pstatic.net/main_1838197/18381979353.20200529105656.jpg,7
삼성전자 삼성 SKG-3000UB,최저: 13310,7340,181,https://shopping-phinf.pstatic.net/main_1182045/11820457775.20170705145704.jpg,7
로지텍 멀티 디바이스 블루투스 키보드 K480 한글자판 휴대폰 태블릿 아이패드 키보드,최저: 38960,240,677,https://shopping-phinf.pstatic.net/main_8250065/82500653569.jpg,7
"아이노트 38 아이패드 블루투스 키보드 조용하고 편안한 타이핑 탁상용, 휴대용, 무소음 레트로 키보드, 태블릿 노트북 맥북 아이폰 등 무선 연결 및 3대 기기 멀티페어링 가능",최저: 19900,212,447,https://shopping-phinf.pstatic.net/main_8287031/82870317467.jpg,7
세컨드찬스 긱스타 GK87,최저: 59000,255,206,https://shopping-phinf.pstatic.net/main_2345079/23450792490.20200714161047.jpg,7
COX CK108 레드/다크그레이 게이트론 LED 게이밍 기계식 키보드,최저: 79000,586,111,https://shopping-phinf.pstatic.net/main_1960150/19601508032.20190603154336.jpg,7
"F 로지텍 블루투스 미니키보드 K380 퓨어화이트 정품 한,영 표기",최저: 36500,392,193,https://shopping-phinf.pstatic.net/main_8220546/82205464858.jpg,7
브리츠 BA-BK9,최저: 46100,611,149,https://shopping-phinf.pstatic.net/main_1295701/12957010692.20180314173112.jpg,7
커세어 K70 LUX,최저: 165000,2616,162,https://shopping-phinf.pstatic.net/main_1012890/10128900544.20201113143020.jpg,7
웨이코스 씽크웨이 CROAD C604 체리미엄 PBT 측각 한영 키보드,최저: 73350,704,476,https://shopping-phinf.pstatic.net/main_1334893/13348936905.20190402105156.jpg,7
Apple 매직 키보드 (MQ5L2KH/A),최저: 118000,737,258,https://shopping-phinf.pstatic.net/main_1499128/14991289980.20200723135138.jpg,7
로지텍G G913 WIRELESS Clicky,최저: 215020,447,157,https://shopping-phinf.pstatic.net/main_2071944/20719446418.20190823142800.jpg,7
레오폴드 FC900R PD 이색사출 그레이 블루 한글,최저: 134200,622,131,https://shopping-phinf.pstatic.net/main_1724786/17247861085.20191231163547.jpg,7
휴대용키보드 블루투스 접이식 아이패드 캐릭터 맥북 아이폰 갤럭시탭 스마트폰 키보드 BT21 디즈니 스누피 귀여운 라인프렌즈 곰돌이푸 피글렛 키보드 무선,최저: 14900,122,395,https://shopping-phinf.pstatic.net/main_8240461/82404619511.7.jpg,7
해피해킹 프로페셔널 하이브리드 Type-S HPHK/무접점/일본,최저: 395900,633,212,https://shopping-phinf.pstatic.net/main_1237556/12375566343.2.jpg,8
아이락스 KR-6170 X-Slim,최저: 28770,3489,150,https://shopping-phinf.pstatic.net/main_1885837/18858375172.20191231161436.jpg,8
커세어 K63 텐키리스 게이밍 기계식 키보드,최저: 109000,1360,185,https://shopping-phinf.pstatic.net/main_1134358/11343582712.20170412104047.jpg,8
비프렌드 BT300 멀티페어링 멤브레인 미니 블루투스 키보드,최저: 15900,2538,416,https://shopping-phinf.pstatic.net/main_7111400/7111400229.20190716171518.jpg,8
로지텍 CRAFT,최저: 180410,918,269,https://shopping-phinf.pstatic.net/main_1255941/12559418961.20171031180137.jpg,8
앱코 AR87 CNC 풀 알루미늄 체리키보드,최저: 219000,382,105,https://shopping-phinf.pstatic.net/main_1609663/16096636003.20181113111059.jpg,8
웨이코스 씽크웨이 CROAD K20 매크로 숫자 키패드,최저: 22910,1006,213,https://shopping-phinf.pstatic.net/main_2135929/21359292930.20191122092034.jpg,8
"앱코 해커 게이밍 기계식키보드 K660, K590, K640, K840, K515",최저: 30900,456,130,https://shopping-phinf.pstatic.net/main_8276814/82768147019.3.jpg,8
쿠거 VANTAR AX 키보드,최저: 59600,26,,https://shopping-phinf.pstatic.net/main_2655630/26556308532.20210329123207.jpg,8
QSENN PTS-GK1000 한손 키보드,최저: 13900,607,100,https://shopping-phinf.pstatic.net/main_1588785/15887855867.20181030162105.jpg,8
QSENN K6000 미니 키보드,최저: 5400,454,54,https://shopping-phinf.pstatic.net/main_1724747/17247479320.20190128151733.jpg,8
ABKO HACKER K640 축교환 게이밍 기계식,최저: 29900,296,100,https://shopping-phinf.pstatic.net/main_8252063/82520632570.1.jpg,8
비프렌드 RF700,최저: 32500,461,285,https://shopping-phinf.pstatic.net/main_2515086/25150862522.20201215143519.jpg,8
몬스타기어 닌자87 RGB 퀵스왑 DIY 조립키트 커스텀 기계식키보드,최저: 39900,444,318,https://shopping-phinf.pstatic.net/main_8231148/82311483505.2.jpg,8
archon REAL FX2,최저: 219000,220,7,https://shopping-phinf.pstatic.net/main_2543751/25437517522.20210105112156.jpg,8
로지텍 K835 TKL,최저: 64000,291,118,https://shopping-phinf.pstatic.net/main_2496158/24961585522.20201124111441.jpg,8
맥스틸 TRON G510K V2,최저: 26900,97,45,https://shopping-phinf.pstatic.net/main_2425420/24254202522.20200923191957.jpg,8
로지텍 무소음 유선 키보드 가정용 사무용 사무실 업무용 소리안나는 조용한 저소음 키보드,최저: 11900,817,147,https://shopping-phinf.pstatic.net/main_8235127/82351270420.jpg,8
웨이코스 씽크웨이 CROAD BK620 턴 블루투스 유무선 기계식 키보드,최저: 67740,401,171,https://shopping-phinf.pstatic.net/main_1916600/19166009881.20190509165434.jpg,8
앱코 K516 축교환 측면 RGB 라이팅 이중사출 게이밍 기계식 키보드,최저: 30900,738,250,https://shopping-phinf.pstatic.net/main_2074421/20744210631.20201009144716.jpg,8
한성컴퓨터 GK868B TICO,최저: 129000,803,218,https://shopping-phinf.pstatic.net/main_2101542/21015427291.20210107144413.jpg,9
세컨드찬스 긱스타 GK802-2 프리미엄 카일 광축 크리스탈 키캡 LED,최저: 67400,463,93,https://shopping-phinf.pstatic.net/main_1664673/16646739560.20200612120416.jpg,9
로지텍G G PRO 기계식 키보드,최저: 123040,1892,136,https://shopping-phinf.pstatic.net/main_1130902/11309027577.20170406170657.jpg,9
아이리버 EQWEAR-K7000,최저: 14900,455,132,https://shopping-phinf.pstatic.net/main_2374910/23749107490.20200828152725.jpg,9
로지텍 로지텍 블루투스 멀티 디바이스 키보드 K380,최저: 23680,802,134,https://shopping-phinf.pstatic.net/main_2312188/23121886690.jpg,9
마이크로닉스 MANIC K1400,최저: 9800,2,0,https://shopping-phinf.pstatic.net/main_2639181/26391816522.20210317103926.jpg,9
삼성전자 삼성 SPA-JKA1BUB,최저: 12680,2299,58,https://shopping-phinf.pstatic.net/main_1316708/13167088166.20191231181156.jpg,9
로지텍 Logitech K380 무선 무소음 키보드,최저: 30890,229,579,https://shopping-phinf.pstatic.net/main_8219213/82192134485.3.jpg,9
"소리안나는 키보드, 무소음 키보드 (블랙색상)",최저: 11900,215,551,https://shopping-phinf.pstatic.net/main_8239299/82392995051.2.jpg,9
브리츠 BA-BK10,최저: 59100,229,52,https://shopping-phinf.pstatic.net/main_1295701/12957013955.20171222142700.jpg,9
COX CK108 BT,최저: 115500,106,63,https://shopping-phinf.pstatic.net/main_2389181/23891819522.20200825101454.jpg,9
로지텍G G913 텐키리스 무선 게이밍 키보드,최저: 235330,644,93,https://shopping-phinf.pstatic.net/main_2319163/23191630490.20201217111831.jpg,9
다얼유 LK158 블루투스 겸용 LED 기계식 키보드,최저: 59000,420,171,https://shopping-phinf.pstatic.net/main_1364452/13644527007.20180309172525.jpg,9
키크론 K3 텐키리스 LED 블루투스 무선 기계식키보드,최저: 124000,5,23,https://shopping-phinf.pstatic.net/main_2657361/26573614522.20210330144915.jpg,9
세컨드찬스 긱스타 GK801 프리미엄 카일 광축 크리스탈 키캡 LED 게이밍 키보드,최저: 59900,188,61,https://shopping-phinf.pstatic.net/main_1583529/15835291054.20200612120258.jpg,9
몬스타기어 닌자87G RGB 게이트론 퀵스왑 기계식키보드,최저: 62000,718,81,https://shopping-phinf.pstatic.net/main_1494109/14941092744.20201218110859.jpg,9
Logitech G PRO Shroud KDA 로지텍 지 프로 키보드 슈라우드 K/DA,최저: 139000,0,24,https://shopping-phinf.pstatic.net/main_8298556/82985564885.1.jpg,9
제닉스크리에이티브 스톰체이서 LT 텐키리스 게이밍 기계식키보드,최저: 39000,159,30,https://shopping-phinf.pstatic.net/main_2542569/25425695528.20201230155415.jpg,9
archon K79 유/무선 기계식키보드,최저: 148990,118,58,https://shopping-phinf.pstatic.net/main_2558237/25582374522.20210114100353.jpg,9
앱코 K662 카일 광축 완전방수 축교환 어반그레이 V1,최저: 64600,1729,167,https://shopping-phinf.pstatic.net/main_1406889/14068899468.20180418163220.jpg,9
앱코 TW1867,최저: 115500,115,347,https://shopping-phinf.pstatic.net/main_2480071/24800715522.20201111174424.jpg,10
한성컴퓨터 TFG ART,최저: 89000,493,44,https://shopping-phinf.pstatic.net/main_1738030/17380301719.20200605095600.jpg,10
몬스타기어 데빌스킬 MK108RGB 화이트 게이밍 기계식키보드,최저: 39350,3473,117,https://shopping-phinf.pstatic.net/main_1424649/14246491574.20201218111913.jpg,10
삼지아이티 피스넷 Folder,최저: 32900,4668,377,https://shopping-phinf.pstatic.net/main_8341781/8341781546.20191115114322.jpg,10
브리츠 BA-MDK36,최저: 29800,139,149,https://shopping-phinf.pstatic.net/main_2290875/22908752426.20200520171149.jpg,10
타이폰 Mars Pro(마르스 프로) 기계식 키보드 mk3,최저: 172500,776,25,https://shopping-phinf.pstatic.net/main_2359720/23597200742.jpg,10
앱코 K560,최저: 18900,254,84,https://shopping-phinf.pstatic.net/main_2602319/26023198522.20210305180441.jpg,10
바밀로 Varmilo 매화 벚꽃 기계식 키보드 저소음적축 VA87M 68 87 108key,최저: 128000,30,120,https://shopping-phinf.pstatic.net/main_8282282/82822829605.jpg,10
마이크로소프트 All-in-One Media Keyboard,최저: 34510,956,132,https://shopping-phinf.pstatic.net/main_7803015/7803015400.20201201174601.jpg,10
덱키보드 CBL-108XN 덱헤슘 거북선 블랙에디션 흑축 PBT (넌LED),최저: 154000,18,12,https://shopping-phinf.pstatic.net/main_8221501/82215013391.jpg,10
콕스 COX CK87 크림 블루 게이트론 LED 게이밍 기계식 키보드 (황축/청축/갈축),최저: 62500,122,237,https://shopping-phinf.pstatic.net/main_8243443/82434436116.1.jpg,10
로지텍  로지텍  K380 블루투스 한글자판 정품 키보드 4종,최저: 30720,117,70,https://shopping-phinf.pstatic.net/main_2619757/26197570355.jpg,10
로지텍G G512 GX 기계식 게이밍 키보드,최저: 101540,454,78,https://shopping-phinf.pstatic.net/main_2242121/22421217683.20200408134007.jpg,10
COX CV108 BLACK V광축 완전방수 교체축 단일 LED 게이밍,최저: 35900,134,58,https://shopping-phinf.pstatic.net/main_2119446/21194461312.20191231160637.jpg,10
아이락스 K10E LED 키보드,최저: 20900,1612,186,https://shopping-phinf.pstatic.net/main_1021823/10218232498.20201112153929.jpg,10
키크론 K1 V4 LED 블루투스 무선 기계식키보드,최저: 129000,28,19,https://shopping-phinf.pstatic.net/main_2650973/26509737522.20210325095602.jpg,10
QSENN AULA F2063 그린 LED 게이밍 기계식 키보드,최저: 25900,26,38,https://shopping-phinf.pstatic.net/main_2472463/24724630522.20201105114729.jpg,10
[입고알람] mStone Groove T87A 게이밍 기계식키보드 게이트론 저소음갈축,최저: 1390000,294,292,https://shopping-phinf.pstatic.net/main_8249906/82499067167.5.jpg,10
비프렌드 RF1430K,최저: 18890,2966,96,https://shopping-phinf.pstatic.net/main_6701979/6701979814.20200320110721.jpg,10
콕스 COX CK420 교체축 레인보우 LED 게이밍 기계식 키보드 화이트 갈축,최저: 32600,169,230,https://shopping-phinf.pstatic.net/main_8247175/82471758671.1.jpg,10
